{
  "description": "8x8 gradient upsampled 2x with high-res shift (2,2) and slight noise",
  "lowResWidth": 8,
  "lowResHeight": 8,
  "lowResPixels": [
    0.0,
    1.0,
    2.0,
    3.0,
    4.0,
    5.0,
    6.0,
    7.0,
    0.5,
    1.5,
    2.5,
    3.5,
    4.5,
    5.5,
    6.5,
    7.5,
    1.0,
    2.0,
    3.0,
    4.0,
    5.0,
    6.0,
    7.0,
    8.0,
    1.5,
    2.5,
    3.5,
    4.5,
    5.5,
    6.5,
    7.5,
    8.5,
    2.0,
    3.0,
    4.0,
    5.0,
    6.0,
    7.0,
    8.0,
    9.0,
    2.5,
    3.5,
    4.5,
    5.5,
    6.5,
    7.5,
    8.5,
    9.5,
    3.0,
    4.0,
    5.0,
    6.0,
    7.0,
    8.0,
    9.0,
    10.0,
    3.5,
    4.5,
    5.5,
    6.5,
    7.5,
    8.5,
    9.5,
    10.5
  ],
  "highResWidth": 16,
  "highResHeight": 16,
  "highResPixels": [
    0.0,
    0.0,
    0.0,
    0.0,
    0.0,
    0.0,
    0.0,
    0.0,
    0.0,
    0.0,
    0.0,
    0.0,
    0.0,
    0.0,
    0.0,
    0.0,
    0.0,
    0.0,
    0.0,
    0.0,
    0.0,
    0.0,
    0.0,
    0.0,
    0.0,
    0.0,
    0.0,
    0.0,
    0.0,
    0.0,
    0.0,
    0.0,
    0.0,
    0.0,
    -0.014625430235503951,
    0.013897349477489305,
    0.9998174034836776,
    0.9979796425915495,
    1.9837543834709694,
    1.9811338990608802,
    3.0104912032983178,
    2.9800842421340445,
    3.989150488850818,
    4.0178108278221565,
    4.981017834439738,
    5.00165649891174,
    5.988663975885225,
    5.996884663023309,
    0.0,
    0.0,
    0.01055098475906456,
    -0.009797238970423132,
    1.0060637189089106,
    1.0115489340454205,
    2.013430604156795,
    1.9973106827162022,
    2.997815487762192,
    3.0088616012936313,
    4.01605709830446,
    3.9812235993213423,
    5.017565966511141,
    4.995248169507528,
    5.981161631502995,
    5.988867666650921,
    0.0,
    0.0,
    0.4975155037460229,
    0.49983248965527405,
    1.4887512414935076,
    1.4983841386295094,
    2.513503119026503,
    2.5022581729060973,
    3.5197017364870424,
    3.5143978611518114,
    4.508859376303331,
    4.508447670787811,
    5.513201427730973,
    5.506812222656563,
    6.515299160033274,
    6.513847896737133,
    0.0,
    0.0,
    0.4893233780103029,
    0.48923466166163937,
    1.4915912645836193,
    1.4808595882106363,
    2.505691774517298,
    2.4874362506357888,
    3.484835598392232,
    3.4933078074144053,
    4.517457623471978,
    4.496884279998457,
    5.492134740437317,
    5.503503224245742,
    6.500211352823184,
    6.5035600903193025,
    0.0,
    0.0,
    0.9813810332060536,
    0.9897095989417227,
    1.986920296063162,
    2.0019519504555263,
    2.9949881208200657,
    2.9975584652017826,
    4.000837536704526,
    3.995730203798569,
    4.981739491614261,
    5.008135283544154,
    5.995743987455117,
    5.986813967874228,
    7.010820925593232,
    7.001584697937991,
    0.0,
    0.0,
    1.011896169902172,
    0.996572559972031,
    2.0081216304826253,
    2.006979433220093,
    3.000337059529999,
    3.0111377046000056,
    3.99958774081849,
    3.981182998558676,
    5.0193275086923865,
    5.003727349215202,
    6.0000895423373395,
    6.019283065501542,
    7.014411591156822,
    6.989287045122521,
    0.0,
    0.0,
    1.5005508665275056,
    1.5180986955307307,
    2.4907711790976568,
    2.50191985237865,
    3.5113462093046155,
    3.5128194364770193,
    4.5123655960349,
    4.50074713134092,
    5.48224493190083,
    5.5148004062070655,
    6.500188818697154,
    6.49939700448911,
    7.501539151829514,
    7.5049395781119,
    0.0,
    0.0,
    1.503111792312048,
    1.4983652692764267,
    2.518284651258409,
    2.4802283651780157,
    3.5154471832330403,
    3.5096201364733277,
    4.5024543145911355,
    4.497043627187526,
    5.502799973355055,
    5.487993576807086,
    6.494271598581798,
    6.4938431167607265,
    7.504498098591309,
    7.498325872003989,
    0.0,
    0.0,
    1.9811189993633538,
    1.989184201251081,
    3.014440354434133,
    3.011937557623097,
    3.9902117616034922,
    4.013669793290964,
    4.980667625204623,
    4.980582398996993,
    5.984379545091774,
    6.0049920833660995,
    6.986385020987754,
    7.001095215961921,
    8.008463597087411,
    7.998188065201827,
    0.0,
    0.0,
    1.9870884503575432,
    2.003378434831138,
    3.01188390250542,
    3.012657494822428,
    4.006924541017549,
    3.983329365512156,
    5.010223471010088,
    4.989982369026137,
    5.99377691456386,
    5.982780615141234,
    6.986725797848897,
    6.990916577472747,
    7.992880070655493,
    7.9989508405668115,
    0.0,
    0.0,
    2.4809453831052797,
    2.495462284190459,
    3.4843504676978165,
    3.515992740014241,
    4.504225945601361,
    4.512681586735115,
    5.485858469615974,
    5.508753418910471,
    6.507127031811078,
    6.501788086543156,
    7.511912434308246,
    7.500663980677976,
    8.495795920394333,
    8.503033838511522,
    0.0,
    0.0,
    2.4968367471683632,
    2.4875215721900523,
    3.500404639237147,
    3.488363639702071,
    4.480832724340371,
    4.480714580833112,
    5.4864091037051885,
    5.50818422511408,
    6.488823989920907,
    6.519023780712716,
    7.488927831209867,
    7.50594025672397,
    8.492849832373805,
    8.505237914450854,
    0.0,
    0.0,
    2.9823514046482598,
    2.9919442379849204,
    3.9922554648133297,
    4.014340576254263,
    5.009753684746685,
    4.996646890510601,
    6.015148715928354,
    5.981516661223943,
    7.002811222809807,
    6.986860683807109,
    8.008160925693202,
    8.000354949843116,
    8.988230470291787,
    9.006966120569874,
    0.0,
    0.0,
    3.0187161324060354,
    3.015021369769406,
    3.9924145450941255,
    4.017571537285411,
    4.990094324091193,
    4.980339210498546,
    6.012776564424512,
    6.018488045007233,
    7.0147112425774,
    7.018951009446388,
    7.9951187533737444,
    7.993877235382505,
    8.997318004844013,
    8.987764745799408
  ],
  "expectedTranslation": [
    1.0,
    1.0
  ],
  "minScore": 0.97
}